{"drones": [[8, 9], [8, 9], [8, 9], [8, 9], [7, 8], [8, 9], [8, 9], [8, 9], [8, 9], [8, 9]], "coverage": [[6, 7], [6, 8], [6, 9], [7, 7], [7, 8], [7, 9], [8, 7], [8, 8], [8, 9]], "heatmap": [[0.0, 0.0, 0.0, 0.0, 0.0013333333333333333, 0.0, 0.0006666666666666666, 0.0, 0.0006666666666666666, 0.0, 0.0], [0.0, 0.002, 0.0006666666666666666, 0.004666666666666667, 0.0033333333333333335, 0.0, 0.0, 0.0, 0.0, 0.0, 0.0], [0.0, 0.0, 0.004, 0.0, 0.004666666666666667, 0.0006666666666666666, 0.0, 0.0, 0.0, 0.0, 0.0], [0.0, 0.002, 0.0013333333333333333, 0.0, 0.0, 0.0006666666666666666, 0.0, 0.0, 0.0, 0.0, 0.0], [0.0, 0.019333333333333334, 0.007333333333333333, 0.0026666666666666666, 0.0013333333333333333, 0.0026666666666666666, 0.0, 0.0, 0.004, 0.0006666666666666666, 0.0], [0.0, 0.03866666666666667, 0.006666666666666667, 0.0006666666666666666, 0.0, 0.0, 0.007333333333333333, 0.0006666666666666666, 0.025333333333333333, 0.005333333333333333, 0.0], [0.005333333333333333, 0.05, 0.037333333333333336, 0.01, 0.0006666666666666666, 0.028666666666666667, 0.03866666666666667, 0.03866666666666667, 0.02, 0.008, 0.0], [0.0026666666666666666, 0.050666666666666665, 0.07266666666666667, 0.068, 0.016, 0.068, 0.056, 0.05466666666666667, 0.042666666666666665, 0.0013333333333333333, 0.0], [0.0013333333333333333, 0.0, 0.054, 0.04666666666666667, 0.0013333333333333333, 0.016666666666666666, 0.006, 0.030666666666666665, 0.014666666666666666, 0.009333333333333334, 0.0]], "configuration": {"width": 2200, "height": 1800, "cellWidth": 200, "transmissionRange": 285, "simulationStart": 0, "simulationEnd": 600, "timeInterval": 20}}