Drones,MSLAW,RWP
5,1.9729032258064514,1.9832258064516128
6,2.2733333333333334,2.292688172043011
7,2.517665130568356,2.5462365591397846
8,2.7284562211981567,2.7317972350230413
9,2.9086917562724013,2.9349014336917563
10,3.064551971326165,3.051397849462366
